{"_runtime":2211,"_step":199,"train_loss":0.004796024212347609,"val_loss":0.002656290540471673,"epoch":200,"_timestamp":1.754402731184562e+09,"_wandb":{"runtime":2211}}