{"_step":49,"train_loss":0.07592996422733579,"val_loss":0.06462167948484421,"_wandb":{"runtime":506},"_runtime":506,"epoch":50,"_timestamp":1.7543809982382283e+09}