{"epoch":200,"_timestamp":1.754409780742083e+09,"_step":199,"_wandb":{"runtime":2421},"_runtime":2421,"train_loss":0.09866298309394292,"val_loss":0.06743849813938141}