{"_step":49,"_wandb":{"runtime":1748},"_runtime":1748,"train_loss":0.5902263181550162,"val_loss":0.16126790642738342,"epoch":50,"_timestamp":1.7543987694873679e+09}