{"val_loss":0.0033142755273729563,"epoch":200,"_timestamp":1.7544152455480056e+09,"_wandb":{"runtime":2148},"_runtime":2148,"_step":199,"train_loss":0.006106579410178321}