{"epoch":200,"_timestamp":1.754405905747352e+09,"_step":199,"_wandb":{"runtime":2165},"_runtime":2165,"train_loss":0.008031671733728476,"val_loss":0.004578194580972195}